Workbook

Sheet Orders_Log
A1: Date | B1: Order Number | C1: Picker Name | D1: Checker Name | E1: Start Time | F1: Check Time | G1: Finish Time | H1: Duration Minutes | I1: Lines Count | J1: Order Size | K1: Heavy/Bulky Items | L1: Small Items Packed Correctly | M1: Error Found | N1: Error Type | O1: Fixed | P1: Status | Q1: Comment
H2: =IF(OR(E2="",G2=""),"",ROUND((G2-E2)*1440,0))

Sheet Lists
A1: Order Sizes | B1: Yes/No | C1: Yes/No/N/A | D1: Error Types | E1: Statuses
A2: S | B2: Yes | C2: Yes | D2: None | E2: Checked
A3: M | B3: No | C3: No | D3: Wrong Quantity | E3: Returned to Picker
A4: L | C4: N/A | D4: Wrong Item | E4: Ready for Packing
A5: XL | D5: Missing Item | E5: Packed
D6: Small Items Loose | E6: Shipped
D7: Bad Packing
D8: Damaged Item
D9: Other

Sheet Pickers_DB
A1: Picker Name

Sheet Daily_Summary
A1: Summary Date
A3: Total checked orders | B3: =COUNTIFS(Orders_Log!$A:$A,$B$1,Orders_Log!$B:$B,"<>")
A4: Orders with errors | B4: =COUNTIFS(Orders_Log!$A:$A,$B$1,Orders_Log!$M:$M,"Yes")
A5: Error rate % | B5: =IF(B3=0,0,B4/B3)
A6: Total order lines | B6: =SUMIFS(Orders_Log!$I:$I,Orders_Log!$A:$A,$B$1)
A7: Average lines per order | B7: =IF(B3=0,0,B6/B3)
A8: Average duration minutes | B8: =IFERROR(AVERAGEIFS(Orders_Log!$H:$H,Orders_Log!$A:$A,$B$1,Orders_Log!$H:$H,">0"),0)
A9: S orders count | B9: =COUNTIFS(Orders_Log!$A:$A,$B$1,Orders_Log!$J:$J,"S")
A10: M orders count | B10: =COUNTIFS(Orders_Log!$A:$A,$B$1,Orders_Log!$J:$J,"M")
A11: L orders count | B11: =COUNTIFS(Orders_Log!$A:$A,$B$1,Orders_Log!$J:$J,"L")
A12: XL orders count | B12: =COUNTIFS(Orders_Log!$A:$A,$B$1,Orders_Log!$J:$J,"XL")

Sheet Picker_Summary
A1: Picker Name | B1: Total orders picked | C1: Orders with errors | D1: Error rate % | E1: Total lines picked | F1: Average lines per order | G1: Average duration minutes | H1: Returned orders count
A2: =SORT(UNIQUE(FILTER(Orders_Log!$C$2:$C$1048576,Orders_Log!$C$2:$C$1048576<>""))) | B2: =IF($A2="","",COUNTIFS(Orders_Log!$C:$C,$A2,Orders_Log!$B:$B,"<>")) | C2: =IF($A2="","",COUNTIFS(Orders_Log!$C:$C,$A2,Orders_Log!$M:$M,"Yes")) | D2: =IF(B2=0,0,C2/B2) | E2: =IF($A2="","",SUMIFS(Orders_Log!$I:$I,Orders_Log!$C:$C,$A2)) | F2: =IF(B2=0,0,E2/B2) | G2: =IF($A2="","",IFERROR(AVERAGEIFS(Orders_Log!$H:$H,Orders_Log!$C:$C,$A2,Orders_Log!$H:$H,">0"),0)) | H2: =IF($A2="","",COUNTIFS(Orders_Log!$C:$C,$A2,Orders_Log!$P:$P,"Returned to Picker"))
B3: =IF($A3="","",COUNTIFS(Orders_Log!$C:$C,$A3,Orders_Log!$B:$B,"<>")) | C3: =IF($A3="","",COUNTIFS(Orders_Log!$C:$C,$A3,Orders_Log!$M:$M,"Yes")) | D3: =IF(B3=0,0,C3/B3) | E3: =IF($A3="","",SUMIFS(Orders_Log!$I:$I,Orders_Log!$C:$C,$A3)) | F3: =IF(B3=0,0,E3/B3) | G3: =IF($A3="","",IFERROR(AVERAGEIFS(Orders_Log!$H:$H,Orders_Log!$C:$C,$A3,Orders_Log!$H:$H,">0"),0)) | H3: =IF($A3="","",COUNTIFS(Orders_Log!$C:$C,$A3,Orders_Log!$P:$P,"Returned to Picker"))
B4: =IF($A4="","",COUNTIFS(Orders_Log!$C:$C,$A4,Orders_Log!$B:$B,"<>")) | C4: =IF($A4="","",COUNTIFS(Orders_Log!$C:$C,$A4,Orders_Log!$M:$M,"Yes")) | D4: =IF(B4=0,0,C4/B4) | E4: =IF($A4="","",SUMIFS(Orders_Log!$I:$I,Orders_Log!$C:$C,$A4)) | F4: =IF(B4=0,0,E4/B4) | G4: =IF($A4="","",IFERROR(AVERAGEIFS(Orders_Log!$H:$H,Orders_Log!$C:$C,$A4,Orders_Log!$H:$H,">0"),0)) | H4: =IF($A4="","",COUNTIFS(Orders_Log!$C:$C,$A4,Orders_Log!$P:$P,"Returned to Picker"))
B5: =IF($A5="","",COUNTIFS(Orders_Log!$C:$C,$A5,Orders_Log!$B:$B,"<>")) | C5: =IF($A5="","",COUNTIFS(Orders_Log!$C:$C,$A5,Orders_Log!$M:$M,"Yes")) | D5: =IF(B5=0,0,C5/B5) | E5: =IF($A5="","",SUMIFS(Orders_Log!$I:$I,Orders_Log!$C:$C,$A5)) | F5: =IF(B5=0,0,E5/B5) | G5: =IF($A5="","",IFERROR(AVERAGEIFS(Orders_Log!$H:$H,Orders_Log!$C:$C,$A5,Orders_Log!$H:$H,">0"),0)) | H5: =IF($A5="","",COUNTIFS(Orders_Log!$C:$C,$A5,Orders_Log!$P:$P,"Returned to Picker"))
B6: =IF($A6="","",COUNTIFS(Orders_Log!$C:$C,$A6,Orders_Log!$B:$B,"<>")) | C6: =IF($A6="","",COUNTIFS(Orders_Log!$C:$C,$A6,Orders_Log!$M:$M,"Yes")) | D6: =IF(B6=0,0,C6/B6) | E6: =IF($A6="","",SUMIFS(Orders_Log!$I:$I,Orders_Log!$C:$C,$A6)) | F6: =IF(B6=0,0,E6/B6) | G6: =IF($A6="","",IFERROR(AVERAGEIFS(Orders_Log!$H:$H,Orders_Log!$C:$C,$A6,Orders_Log!$H:$H,">0"),0)) | H6: =IF($A6="","",COUNTIFS(Orders_Log!$C:$C,$A6,Orders_Log!$P:$P,"Returned to Picker"))
B7: =IF($A7="","",COUNTIFS(Orders_Log!$C:$C,$A7,Orders_Log!$B:$B,"<>")) | C7: =IF($A7="","",COUNTIFS(Orders_Log!$C:$C,$A7,Orders_Log!$M:$M,"Yes")) | D7: =IF(B7=0,0,C7/B7) | E7: =IF($A7="","",SUMIFS(Orders_Log!$I:$I,Orders_Log!$C:$C,$A7)) | F7: =IF(B7=0,0,E7/B7) | G7: =IF($A7="","",IFERROR(AVERAGEIFS(Orders_Log!$H:$H,Orders_Log!$C:$C,$A7,Orders_Log!$H:$H,">0"),0)) | H7: =IF($A7="","",COUNTIFS(Orders_Log!$C:$C,$A7,Orders_Log!$P:$P,"Returned to Picker"))
B8: =IF($A8="","",COUNTIFS(Orders_Log!$C:$C,$A8,Orders_Log!$B:$B,"<>")) | C8: =IF($A8="","",COUNTIFS(Orders_Log!$C:$C,$A8,Orders_Log!$M:$M,"Yes")) | D8: =IF(B8=0,0,C8/B8) | E8: =IF($A8="","",SUMIFS(Orders_Log!$I:$I,Orders_Log!$C:$C,$A8)) | F8: =IF(B8=0,0,E8/B8) | G8: =IF($A8="","",IFERROR(AVERAGEIFS(Orders_Log!$H:$H,Orders_Log!$C:$C,$A8,Orders_Log!$H:$H,">0"),0)) | H8: =IF($A8="","",COUNTIFS(Orders_Log!$C:$C,$A8,Orders_Log!$P:$P,"Returned to Picker"))
B9: =IF($A9="","",COUNTIFS(Orders_Log!$C:$C,$A9,Orders_Log!$B:$B,"<>")) | C9: =IF($A9="","",COUNTIFS(Orders_Log!$C:$C,$A9,Orders_Log!$M:$M,"Yes")) | D9: =IF(B9=0,0,C9/B9) | E9: =IF($A9="","",SUMIFS(Orders_Log!$I:$I,Orders_Log!$C:$C,$A9)) | F9: =IF(B9=0,0,E9/B9) | G9: =IF($A9="","",IFERROR(AVERAGEIFS(Orders_Log!$H:$H,Orders_Log!$C:$C,$A9,Orders_Log!$H:$H,">0"),0)) | H9: =IF($A9="","",COUNTIFS(Orders_Log!$C:$C,$A9,Orders_Log!$P:$P,"Returned to Picker"))
B10: =IF($A10="","",COUNTIFS(Orders_Log!$C:$C,$A10,Orders_Log!$B:$B,"<>")) | C10: =IF($A10="","",COUNTIFS(Orders_Log!$C:$C,$A10,Orders_Log!$M:$M,"Yes")) | D10: =IF(B10=0,0,C10/B10) | E10: =IF($A10="","",SUMIFS(Orders_Log!$I:$I,Orders_Log!$C:$C,$A10)) | F10: =IF(B10=0,0,E10/B10) | G10: =IF($A10="","",IFERROR(AVERAGEIFS(Orders_Log!$H:$H,Orders_Log!$C:$C,$A10,Orders_Log!$H:$H,">0"),0)) | H10: =IF($A10="","",COUNTIFS(Orders_Log!$C:$C,$A10,Orders_Log!$P:$P,"Returned to Picker"))
B11: =IF($A11="","",COUNTIFS(Orders_Log!$C:$C,$A11,Orders_Log!$B:$B,"<>")) | C11: =IF($A11="","",COUNTIFS(Orders_Log!$C:$C,$A11,Orders_Log!$M:$M,"Yes")) | D11: =IF(B11=0,0,C11/B11) | E11: =IF($A11="","",SUMIFS(Orders_Log!$I:$I,Orders_Log!$C:$C,$A11)) | F11: =IF(B11=0,0,E11/B11) | G11: =IF($A11="","",IFERROR(AVERAGEIFS(Orders_Log!$H:$H,Orders_Log!$C:$C,$A11,Orders_Log!$H:$H,">0"),0)) | H11: =IF($A11="","",COUNTIFS(Orders_Log!$C:$C,$A11,Orders_Log!$P:$P,"Returned to Picker"))
B12: =IF($A12="","",COUNTIFS(Orders_Log!$C:$C,$A12,Orders_Log!$B:$B,"<>")) | C12: =IF($A12="","",COUNTIFS(Orders_Log!$C:$C,$A12,Orders_Log!$M:$M,"Yes")) | D12: =IF(B12=0,0,C12/B12) | E12: =IF($A12="","",SUMIFS(Orders_Log!$I:$I,Orders_Log!$C:$C,$A12)) | F12: =IF(B12=0,0,E12/B12) | G12: =IF($A12="","",IFERROR(AVERAGEIFS(Orders_Log!$H:$H,Orders_Log!$C:$C,$A12,Orders_Log!$H:$H,">0"),0)) | H12: =IF($A12="","",COUNTIFS(Orders_Log!$C:$C,$A12,Orders_Log!$P:$P,"Returned to Picker"))
B13: =IF($A13="","",COUNTIFS(Orders_Log!$C:$C,$A13,Orders_Log!$B:$B,"<>")) | C13: =IF($A13="","",COUNTIFS(Orders_Log!$C:$C,$A13,Orders_Log!$M:$M,"Yes")) | D13: =IF(B13=0,0,C13/B13) | E13: =IF($A13="","",SUMIFS(Orders_Log!$I:$I,Orders_Log!$C:$C,$A13)) | F13: =IF(B13=0,0,E13/B13) | G13: =IF($A13="","",IFERROR(AVERAGEIFS(Orders_Log!$H:$H,Orders_Log!$C:$C,$A13,Orders_Log!$H:$H,">0"),0)) | H13: =IF($A13="","",COUNTIFS(Orders_Log!$C:$C,$A13,Orders_Log!$P:$P,"Returned to Picker"))
B14: =IF($A14="","",COUNTIFS(Orders_Log!$C:$C,$A14,Orders_Log!$B:$B,"<>")) | C14: =IF($A14="","",COUNTIFS(Orders_Log!$C:$C,$A14,Orders_Log!$M:$M,"Yes")) | D14: =IF(B14=0,0,C14/B14) | E14: =IF($A14="","",SUMIFS(Orders_Log!$I:$I,Orders_Log!$C:$C,$A14)) | F14: =IF(B14=0,0,E14/B14) | G14: =IF($A14="","",IFERROR(AVERAGEIFS(Orders_Log!$H:$H,Orders_Log!$C:$C,$A14,Orders_Log!$H:$H,">0"),0)) | H14: =IF($A14="","",COUNTIFS(Orders_Log!$C:$C,$A14,Orders_Log!$P:$P,"Returned to Picker"))
... B1001: =IF($A1001="","",COUNTIFS(Orders_Log!$C:$C,$A1001,Orders_Log!$B:$B,"<>")) | C1001: =IF($A1001="","",COUNTIFS(Orders_Log!$C:$C,$A1001,Orders_Log!$M:$M,"Yes")) | D1001: =IF(B1001=0,0,C1001/B1001) | E1001: =IF($A1001="","",SUMIFS(Orders_Log!$I:$I,Orders_Log!$C:$C,$A1001)) | F1001: =IF(B1001=0,0,E1001/B1001) | G1001: =IF($A1001="","",IFERROR(AVERAGEIFS(Orders_Log!$H:$H,Orders_Log!$C:$C,$A1001,Orders_Log!$H:$H,">0"),0)) | H1001: =IF($A1001="","",COUNTIFS(Orders_Log!$C:$C,$A1001,Orders_Log!$P:$P,"Returned to Picker"))

Sheet Error_Summary
A1: Error type | B1: Count | C1: Percentage of all errors
A2: Wrong Quantity | B2: =COUNTIFS(Orders_Log!$M:$M,"Yes",Orders_Log!$N:$N,A2) | C2: =IF(SUM($B$2:$B$8)=0,0,B2/SUM($B$2:$B$8))
A3: Wrong Item | B3: =COUNTIFS(Orders_Log!$M:$M,"Yes",Orders_Log!$N:$N,A3) | C3: =IF(SUM($B$2:$B$8)=0,0,B3/SUM($B$2:$B$8))
A4: Missing Item | B4: =COUNTIFS(Orders_Log!$M:$M,"Yes",Orders_Log!$N:$N,A4) | C4: =IF(SUM($B$2:$B$8)=0,0,B4/SUM($B$2:$B$8))
A5: Small Items Loose | B5: =COUNTIFS(Orders_Log!$M:$M,"Yes",Orders_Log!$N:$N,A5) | C5: =IF(SUM($B$2:$B$8)=0,0,B5/SUM($B$2:$B$8))
A6: Bad Packing | B6: =COUNTIFS(Orders_Log!$M:$M,"Yes",Orders_Log!$N:$N,A6) | C6: =IF(SUM($B$2:$B$8)=0,0,B6/SUM($B$2:$B$8))
A7: Damaged Item | B7: =COUNTIFS(Orders_Log!$M:$M,"Yes",Orders_Log!$N:$N,A7) | C7: =IF(SUM($B$2:$B$8)=0,0,B7/SUM($B$2:$B$8))
A8: Other | B8: =COUNTIFS(Orders_Log!$M:$M,"Yes",Orders_Log!$N:$N,A8) | C8: =IF(SUM($B$2:$B$8)=0,0,B8/SUM($B$2:$B$8))
